Royal Canin Maxi Adult 15kg;249.99;Karma dla psow
Brit Care Lamb & Rice 12kg;189.50;Karma dla psow
Whiskas Adult Kurczak 7kg;129.00;Karma dla kotow
Dolina Noteci Puszka 800g;12.90;Karma mokra
Pedigree Dentastix;15.00;Przysmaki
Purina Pro Plan Medium;210.00;Karma dla psow
Obroza GPS Wodoodporna;299.00;Akcesoria
Smycz Automatyczna 5m;45.00;Akcesoria
Pileczka Gumowa;15.50;Zabawki
Kong Classic Large;69.00;Zabawki dla psow
Tetra AquaSafe 500ml;45.00;Akwarystyka
Trixie Drapak XL 150cm;399.00;Akcesoria dla kotow
Ferplast Klatka dla chomika;189.00;Gryzonie
Flexi Smycz automatyczna 8m;119.00;Akcesoria dla psow
Brit Premium Kitten 8kg;159.00;Karma dla kotow
JBL ProFlora CO2 Set;549.00;Akwarystyka
Vitapol Siano dla krolikow 1kg;25.00;Gryzonie